--Instrutor
INSERT INTO PESSOA VALUES('111.111.111-11', 'João Pereira', '26/12/1960', 'Rua Mitocondreas', 5866,
			'Jd. Peste', 'Sorocity', 'SP', '80171-180', '1520169345', '11986636511', 'M', 'Casado',
			'39874212365', 'JPereira@Gmail.com');
INSERT INTO INSTRUTOR VALUES('111.111.111-11', 'Pós Graduação em Engenharia', 'Engenharia');
INSERT INTO PESSOA VALUES('222.222.222-22', 'Gutierrez Silvera', '01/12/1985', 'Rua Bicho Oapão', 13,
			'Jd. Omega', 'Pilar', 'SP', '80691-125', '1520178412', '1198721036', 'M', 'Solteiro',
			'16651531230', 'GutierrezS@Gmail.com');
INSERT INTO INSTRUTOR VALUES('222.222.222-22', 'Graduação em Linguistica', 'Linguas');
INSERT INTO PESSOA VALUES('555.555.555-55', 'Malcon Leite', '15/03/1989', 'Avenida Ipaseta', 1366,
			'Vila Horizonte', 'Sorocity', 'SP', '12364-987', '1512546387', '11978523146', 'M', 'Solteiro',
			'12365489633', 'Malcon_sk8t@Gmail.com');
INSERT INTO INSTRUTOR VALUES('555.555.555-55', 'Graduação em Contabilidade', 'Contabilidade');
INSERT INTO PESSOA VALUES('999.999.999-99', 'Luana Oliveira', '19/04/1973', 'Rua São Bento', 768,
			'Vila Opaca', 'Salto', 'SP', '68974-231', '1579654123', '11964321789', 'F', 'Solteiro',
			'13245698712', 'Melanina@Gmail.com');
INSERT INTO INSTRUTOR VALUES('999.999.999-99', 'Pós Graduação em Biologia', 'Meio Ambiente');
INSERT INTO PESSOA VALUES('888.888.888-88', 'Pricila Cardozo', '06/06/1978', 'Rua Joao de Barro', 45,
			'Vila Pestencostal', 'Sorocity', 'SP', '69875-365', '1598563014', '11964297831', 'F', 'Casado',
			'63176521456', 'Pri.Cardozo@Gmail.com');
INSERT INTO INSTRUTOR VALUES('888.888.888-88', 'Graduação em Engenharia', 'Engenharia');
--Aluno
INSERT INTO PESSOA VALUES('333.333.333-33', 'Vanessa Ribeiro', '03/11/1995', 'Rua Pedregulho', 354,
			'Jd. Silvera', 'Sorocity', 'SP', '31246-987', '1549873156', '11997631456', 'F', 'Solteiro',
			'63295998463', 'Vanessa_ribeiro@Gmail.com');
INSERT INTO ALUNO VALUES('333.333.333-33', 'Ensino Médio');
INSERT INTO PESSOA VALUES('444.444.444-44', 'Kleber Machado', '14/03/1999', 'Rua Macacos Alados', 789,
			'Bosque dos Retardos', 'Sorocity', 'SP', '63214-687', '1597643214', '11911325655', 'M', 'Solteiro',
			'79654321456', 'Klebinho999@Gmail.com');
INSERT INTO ALUNO VALUES('444.444.444-44', 'Ensino Médio');
INSERT INTO PESSOA VALUES('777.777.777-77', 'João Jones', '29/07/1998', 'Rua MousepadRazer', 6355,
			'Vila viloza', 'Pilar', 'SP', '78456-201', '1598876453', '11978665332', 'M', 'Solteiro',
			'79965432146', 'JJones@Gmail.com');
INSERT INTO ALUNO VALUES('777.777.777-77', 'Ensino Médio');
INSERT INTO PESSOA VALUES('666.666.666-66', 'Carlos Silmene Pereira', '17/01/1992', 'Rua Feijão', 3214,
			'Jd. Kuano', 'Sorocity', 'SP', '12654-468', '1546653321', '11978875444', 'M', 'Solteiro',
			'43216548923', 'Carlos_da8@Gmail.com');
INSERT INTO ALUNO VALUES('666.666.666-66', 'Graduação');
INSERT INTO PESSOA VALUES('888.889.111-11', 'Juana Bulevar', '09/08/1985', 'Avenida José J.J. Malone', 12,
			'Santo Amaro', 'Sorocity', 'SP', '16549-976', '1578946512', '1132198765', 'F', 'Viuvo',
			'76321456987', 'Juana.Bulevar@Gmail.com');
INSERT INTO ALUNO VALUES('888.889.111-11', 'Mestrado');
INSERT INTO PESSOA VALUES('111.111.111-22', 'Barbara Cond', '06/10/1995', 'Rua Marocas', 32,
			'Vila Indenpendencia', 'Sorocity', 'SP', '94346-789', '1536459874', '11956233147', 'F', 'Solteiro',
			'22515922933', 'Barbara_C@hotmail.com');
INSERT INTO ALUNO VALUES('111.111.111-22', 'Ensino Médio');
INSERT INTO PESSOA VALUES('222.222.333-33', 'Ricardo Henrique', '10/04/1998', 'Avenida Aluhaakbar', 565,
			'Jd. Islâmico', 'Sorocity', 'SP', '15957-964', '1548562178', '11933226598', 'M', 'Casado',
			'94984894540', 'Ri_manoLoco@hotmail.com');
INSERT INTO ALUNO VALUES('222.222.333-33', 'Ensino Médio');
INSERT INTO PESSOA VALUES('333.333.444-44', 'Luis Louis', '22/05/1996', 'Avenida Das Flores', 1988,
			'Parque São João', 'Sorocity', 'SP', '18071-965', '1575841236', '11995132467', 'M', 'Solteiro',
			'33186333011', 'LousTheBoss@hotmail.com');
INSERT INTO ALUNO VALUES('333.333.444-44', 'Ensino Médio');
INSERT INTO PESSOA VALUES('444.445.555-55', 'Marcos Matusalem', '07/02/1993', 'Avenida Tropeiros', 1322,
			'Jd. Velho Barreiro', 'Sorocity', 'SP', '18071-365', '1562351894', '1199764328', 'M', 'Solteiro',
			'79908980980', 'MarcosMB@hotmail.com');
INSERT INTO ALUNO VALUES('444.445.555-55', 'Ensino Médio');
INSERT INTO PESSOA VALUES('555.556.666-66', 'Yasmin Young', '26/07/1995', 'Rua Chacara Silvera', 89,
			'Interlagos', 'Salto', 'SP', '12334-801', '1516234575', '11959456329', 'F', 'Casado',
			'70890789878', 'YasminYoung213@hotmail.com');
INSERT INTO ALUNO VALUES('555.556.666-66', 'Ensino Médio');
--Curso
INSERT INTO CURSO VALUES('ADS', 'Análise e Desenvolvimento de Sistemas', 1080, 2000.0, '01/01/2025', 
  200.00, 'IPSUM IPSUM IPSUM IPSUM');
INSERT INTO CURSO VALUES('BIO', 'Sistemas Biomédicos', 1080, 2000.00, '01/06/2030', 
  180.00, 'IPSUM IPSUM IPSUM IPSUM');
INSERT INTO CURSO VALUES('MEC', 'Mecatrônica', 1080, 3600.0, '01/06/2022', 
  250.00, 'IPSUM IPSUM IPSUM IPSUM');
INSERT INTO CURSO VALUES('MED', 'Medicina', 1080, 6000.0, '01/01/2025', 
  400.00, 'IPSUM IPSUM IPSUM IPSUM');
INSERT INTO CURSO VALUES('LOG', 'Logística', 1080, 1500.0, '01/06/2024', 
  120.00, 'IPSUM IPSUM IPSUM IPSUM');
  INSERT INTO CURSO VALUES('ADM', 'Administração', 1080, 1500.0, '01/07/2026', 
  1000.00, 'IPSUM IPSUM IPSUM IPSUM');

--Turma
INSERT INTO TURMA VALUES('ADSM', '111.111.111-11', 'ADS', 'ADS Primeiro Semestre Matutino', '01/02/2017', '15/12/2019',
'M', 40, 'BestSala');
INSERT INTO TURMA VALUES('ADSN', '111.111.111-11', 'ADS', 'ADS Primeiro Semestre Noturno', '01/02/2017', '15/12/2020',
'N', 40, NULL);
INSERT INTO TURMA VALUES('BIOM', '222.222.222-22', 'BIO', 'BIO Primeiro Semestre Matutino', '05/07/2015', '15/06/2017',
'M', 35, NULL);
INSERT INTO TURMA VALUES('BION', '222.222.222-22', 'BIO', 'BIO Primeiro Semestre Noturno', '05/07/2015', '15/06/2018',
'N', 49, NULL);
INSERT INTO TURMA VALUES('MECM', '555.555.555-55', 'MEC', 'MEC Primeiro Semestre Matutino', '02/07/2016', '15/06/2018',
'M', 38, NULL);
INSERT INTO TURMA VALUES('MECN', '555.555.555-55', 'MEC', 'MEC Primeiro Semestre Noturno', '02/07/2016', '15/06/2019',
'N', 20, NULL);
INSERT INTO TURMA VALUES('MEDM', '999.999.999-99', 'MED', 'MED Primeiro Semestre Matutino', '06/02/2014', '15/12/2019',
'M', 26, NULL);
INSERT INTO TURMA VALUES('MEDN', '999.999.999-99', 'MED', 'MED Primeiro Semestre Noturno', '06/02/2014', '15/12/2020',
'N', 58, NULL);
INSERT INTO TURMA VALUES('LOGM', '888.888.888-88', 'LOG', 'LOG Primeiro Semestre Matutino', '01/07/2018', '15/06/2020',
'M', 10, NULL);
INSERT INTO TURMA VALUES('LOGN', '888.888.888-88', 'LOG', 'LOG Primeiro Semestre Noturno', '01/07/2018', '15/06/2021',
'N', 72, NULL);
--A Vista
INSERT INTO AVISTA VALUES(1, 2000.00, 1234567, 4040404, '30/01/2017');
INSERT INTO AVISTA VALUES(2, 2000.00, 8765432, 5050505, '29/06/2015');
INSERT INTO AVISTA VALUES(3, 3600.00, 1235432, 6060606, '28/06/2016');
INSERT INTO AVISTA VALUES(4, 6000.00, 3549877, 8080808, '25/01/2014');
INSERT INTO AVISTA VALUES(5, 1500.00, 6326547, 1111111, '22/06/2018');
--A Prazo
INSERT INTO APRAZO VALUES(1, 400.00, '15/01/2017', 3.99, 5);
INSERT INTO APRAZO VALUES(2, 200.00, '05/06/2015', 7.99, 10);
INSERT INTO APRAZO VALUES(3, 360.00, '15/06/2016', 7.99, 10);
INSERT INTO APRAZO VALUES(4, 500.00, '30/01/2014', 8.99, 12);
INSERT INTO APRAZO VALUES(5, 300.00, '05/06/2018', 5.99, 5);
--Matricula
INSERT INTO MATRICULA VALUES('333.333.333-33', 'ADSN', '1', null, '15/01/2017', 5, 8.50);
INSERT INTO MATRICULA VALUES('111.111.111-22', 'ADSN', null, '1', '17/01/2017', 8, 5.00);
INSERT INTO MATRICULA VALUES('444.444.444-44', 'BIOM', '2', null, '13/06/2015', 9, 6.50);
INSERT INTO MATRICULA VALUES('222.222.333-33', 'BION', null, '2', '25/06/2015', 4, 4.50);
INSERT INTO MATRICULA VALUES('777.777.777-77', 'MECM', '3', null, '17/06/2016', 7, 9.50);
INSERT INTO MATRICULA VALUES('333.333.444-44', 'MECN', null, '3', '18/06/2016', 5, 10.00);
INSERT INTO MATRICULA VALUES('666.666.666-66', 'MEDM', '4', null, '22/01/2014', 15, 2.50);
INSERT INTO MATRICULA VALUES('444.445.555-55', 'MEDN', null, '4', '28/01/2014', 19, 5.75);
INSERT INTO MATRICULA VALUES('888.889.111-11', 'LOGM', '5', null, '13/06/2018', 2, 6.80);
INSERT INTO MATRICULA VALUES('555.556.666-66', 'LOGN', null, '5', '19/06/2018', 4, 7.65);

